{"cameraMode":{"drawMode":0,"name":"Shaded","section":"Shading Mode"},"sceneLighting":true,"audioPlay":false,"sceneViewState":{"showFog":true,"showMaterialUpdate":false,"showSkybox":true,"showFlares":true,"showImageEffects":true,"showParticleSystems":true},"in2DMode":false,"pivot":{"x":124.74423217773438,"y":19.844707489013673,"z":121.38815307617188},"rotation":{"x":0.23926670849323274,"y":0.5039719343185425,"z":-0.1476515233516693,"w":0.8166779279708862},"size":842.8253784179688,"orthographic":false}