{"cameraMode":{"drawMode":0,"name":"Shaded","section":"Shading Mode"},"sceneLighting":true,"audioPlay":false,"sceneViewState":{"showFog":true,"showMaterialUpdate":false,"showSkybox":true,"showFlares":true,"showImageEffects":true,"showParticleSystems":true},"in2DMode":false,"pivot":{"x":42.81679153442383,"y":62.6815185546875,"z":165.32000732421876},"rotation":{"x":0.17025430500507356,"y":0.3042489290237427,"z":-0.055363982915878299,"w":0.935617983341217},"size":9.773972511291504,"orthographic":false}