{"cameraMode":{"drawMode":0,"name":"Shaded","section":"Shading Mode"},"sceneLighting":false,"audioPlay":false,"sceneViewState":{"showFog":true,"showMaterialUpdate":false,"showSkybox":false,"showFlares":true,"showImageEffects":true,"showParticleSystems":true},"in2DMode":false,"pivot":{"x":79.1640853881836,"y":66.07502746582031,"z":130.42723083496095},"rotation":{"x":-0.3888827860355377,"y":-0.3079717755317688,"z":0.13975408673286439,"w":-0.856967031955719},"size":15.686245918273926,"orthographic":false}