{"cameraMode":{"drawMode":0,"name":"Shaded","section":"Shading Mode"},"sceneLighting":false,"audioPlay":false,"sceneViewState":{"showFog":true,"showMaterialUpdate":false,"showSkybox":false,"showFlares":true,"showImageEffects":true,"showParticleSystems":true},"in2DMode":false,"pivot":{"x":69.31155395507813,"y":65.92997741699219,"z":140.13906860351563},"rotation":{"x":-0.3888827860355377,"y":-0.3079717755317688,"z":0.13975408673286439,"w":-0.856967031955719},"size":34.547019958496097,"orthographic":false}