{"cameraMode":{"drawMode":0,"name":"Shaded","section":"Shading Mode"},"sceneLighting":true,"audioPlay":false,"sceneViewState":{"showFog":true,"showMaterialUpdate":false,"showSkybox":true,"showFlares":true,"showImageEffects":true,"showParticleSystems":true},"in2DMode":false,"pivot":{"x":131.08950805664063,"y":56.10893249511719,"z":63.70766830444336},"rotation":{"x":0.02395700290799141,"y":0.975678563117981,"z":-0.13998302817344666,"w":0.16697967052459718},"size":67.44029998779297,"orthographic":false}